Model,Parameters,Model_Size_MB,GFLOPs,Avg_Inference_Time_ms,Inference_Time_Std_ms,Memory_Usage_MB,Accuracy_%
Weight_Pruned_25,424961,1.6244029998779297,0.424737984,17.671334743499756,1.6933964371006787,372.5417578125,63.0
Weight_Pruned_50,424961,1.6244029998779297,0.424737984,19.138119220733643,3.0264153853122755,372.6953125,63.0
Weight_Pruned_75,424961,1.6244029998779297,0.424737984,18.482656478881836,3.1681867101839356,372.7,63.0
Filter_Pruned_25,314465,1.2194347381591797,0.243793328,13.03579568862915,1.8173233037722072,373.099375,63.0
Filter_Pruned_50,206849,0.8144054412841797,0.1126888,8.720271587371826,0.9993962982531962,373.729453125,63.0
Filter_Pruned_75,102113,0.4094371795654297,0.0314244,5.173907279968262,0.7476969615129562,373.8910546875,63.0
