Model,Parameters,Model_Size_MB,GFLOPs,Avg_Inference_Time_ms,Inference_Time_Std_ms,Memory_Usage_MB,Accuracy_%
Weight_Pruned_25,426767,1.6311779022216797,0.424739776,21.96150779724121,9.006605625540846,372.576171875,100.0
Weight_Pruned_50,426767,1.6311779022216797,0.424739776,21.06588840484619,12.19757974955085,372.74609375,100.0
Weight_Pruned_75,426767,1.6311779022216797,0.424739776,33.71108293533325,12.96697069077396,372.74609375,100.0
Filter_Pruned_25,316271,1.2262096405029297,0.24379512,26.807734966278076,18.953068719121163,373.43015625,100.0
Filter_Pruned_50,208655,0.8211803436279297,0.112690592,18.25859546661377,7.799930903339944,373.7998828125,100.0
Filter_Pruned_75,103919,0.4162120819091797,0.031426192,9.132881164550781,1.7614378222009504,374.192890625,100.0
