Model,Parameters,Model_Size_MB,GFLOPs,Avg_Inference_Time_ms,Inference_Time_Std_ms,Memory_Usage_MB,Accuracy_%
Weight_Pruned_25,426767,1.6311779022216797,0.424739776,17.500009536743164,2.305957598535253,372.7065234375,100.0
Weight_Pruned_50,426767,1.6311779022216797,0.424739776,17.63489007949829,1.7039119345981104,372.8828125,100.0
Weight_Pruned_75,426767,1.6311779022216797,0.424739776,17.624568939208984,1.6348986532379122,372.8828125,100.0
Filter_Pruned_25,316271,1.2262096405029297,0.24379512,14.871773719787598,1.228345354186037,373.2853125,100.0
Filter_Pruned_50,208655,0.8211803436279297,0.112690592,9.141507148742676,1.5215494868664647,373.53265625,100.0
Filter_Pruned_75,103919,0.4162120819091797,0.031426192,5.615403652191162,2.002106971390165,373.734140625,100.0
