Model,Parameters,Model_Size_MB,GFLOPs,Avg_Inference_Time_ms,Inference_Time_Std_ms,Memory_Usage_MB,Accuracy_%
Basic,424961,1.6244029998779297,0.424737984,18.278334140777588,3.3397150026864972,369.569765625,63.0
Pruned,424961,1.6244029998779297,0.424737984,17.493727207183838,2.43093125917568,369.7457421875,63.0
KD_Student,106369,0.4091320037841797,0.112588384,8.529059886932373,0.9631173868797817,370.30046875,63.0
Filter_Pruned,314465,1.2194347381591797,0.243793328,12.79944658279419,1.824626552434334,370.918515625,63.0
Quantized,424961,1.6244029998779297,0.424737984,18.189005851745605,2.094805769895182,371.0853515625,63.0
