Model,Parameters,Model_Size_MB,GFLOPs,Avg_Inference_Time_ms,Inference_Time_Std_ms,Memory_Usage_MB,Accuracy_%
Basic,424961,1.6244029998779297,0.424737984,35.513319969177246,22.028406471629637,384.4734375,63.0
Pruned,424961,1.6244029998779297,0.424737984,23.823020458221436,4.4211438567354895,384.48046875,63.0
KD_Student,106369,0.4091320037841797,0.112588384,12.493793964385986,2.508869883880343,384.4862109375,63.0
