Model,Parameters,Model_Size_MB,GFLOPs,Avg_Inference_Time_ms,Inference_Time_Std_ms,Memory_Usage_MB,Accuracy_%
Basic,424961,1.6244029998779297,0.424737984,18.924901485443115,2.234088578961983,370.912890625,63.0
Pruned,424961,1.6244029998779297,0.424737984,19.78788137435913,8.591926402318876,371.0859375,63.0
KD_Student,106369,0.4091320037841797,0.112588384,9.777166843414307,1.4374428222635798,371.4609375,63.0
Filter_Pruned,314465,1.2194347381591797,0.243793328,16.0453200340271,13.444600510621292,371.9222265625,63.0
Quantized,424961,1.6244029998779297,0.424737984,19.48094606399536,3.020280437259826,371.96875,63.0
