Model,Parameters,Model_Size_MB,GFLOPs,Avg_Inference_Time_ms,Inference_Time_Std_ms,Memory_Usage_MB,Accuracy_%
Basic,426767,1.6311779022216797,0.424739776,17.117977142333984,2.4650079399897424,367.5865234375,100.0
Pruned,426767,1.6311779022216797,0.424739776,18.791379928588867,1.9668765573624771,367.7451953125,100.0
KD_Student,107279,0.4124889373779297,0.11258928,9.109339714050293,1.4004170998894336,368.0872265625,100.0
Filter_Pruned,208655,0.8211803436279297,0.112690592,9.166185855865479,2.2244503464430423,368.1262890625,100.0
